{
  "fm": "Picsart_25-06-07_17-53-48-572.png",
  "wifi": "Picsart_25-06-07_17-50-23-411.png",
  "rf": "Picsart_25-06-07_17-54-33-751.png",
  "ble": "Picsart_25-06-07_17-49-50-684.png",
  "ir": "Picsart_25-06-07_17-54-00-919.png",
  "rfid": "Picsart_25-06-07_17-54-12-853.png",
  "interpreter": "Picsart_25-06-07_17-52-26-082.png",
  "others": "Picsart_25-06-07_17-51-59-783.png",
  "files": "Picsart_25-06-07_17-53-36-891.png",
  "gps": "Picsart_25-06-07_17-53-05-274.png",
  "config": "Picsart_25-06-07_17-50-45-090.png",
  "connect": "Picsart_25-06-07_17-51-12-162.png",
  "clock": "Picsart_25-06-07_17-51-42-749.png",
  "nrf": "Picsart_25-06-07_17-52-50-072.png",
  "priColor": "0000",
  "secColor": "0000",
  "bgColor": "ffff",
  "border": 0,
  "label": 0
}