{
  "ble": "Picsart_25-06-09_21-34-09-778.png",
  "rfid": "Picsart_25-06-09_21-36-30-783.png",
  "fm": "Picsart_25-06-09_21-38-11-319.png",
  "others": "Picsart_25-06-09_21-43-15-764.png",
  "rf": "Picsart_25-06-09_21-35-01-528.png",
  "ir": "Picsart_25-06-09_21-37-30-921.png",
  "interpreter": "Picsart_25-06-09_21-42-35-790.png",
  "wifi": "Picsart_25-06-09_21-33-12-359.png",
  "clock": "Picsart_25-06-09_21-44-32-461.png",
  "connect": "Picsart_25-06-09_21-45-09-709.png",
  "gps": "Picsart_25-06-09_21-39-46-124.png",
  "nrf": "Picsart_25-06-09_21-41-19-100.png",
  "files": "Picsart_25-06-09_21-39-05-181.png",
  "config": "Picsart_25-06-09_21-45-46-503.png",
  "priColor": "ffff",
  "secColor": "ffff",
  "bgColor": "0000",
  "border": 0,
  "label": 0
}